{
    "info": {
        "train_samples": 2520,
        "val_samples": 1080,
        "features": [
            "Alpha"
        ],
        "models": {
            "Cl": "MLPRegressor (with early stopping)",
            "Cd": "XGBRegressor (with early stopping)"
        }
    },
    "Cl": {
        "train": {
            "MSE": 0.003122884874587719,
            "MAE": 0.03444021694995931,
            "RMSE": 0.0558827779784409,
            "R2": 0.9959159318093813
        },
        "val": {
            "MSE": 0.003359222300071856,
            "MAE": 0.03504651223769443,
            "RMSE": 0.057958798297340984,
            "R2": 0.9959270345747329
        }
    },
    "Cd": {
        "train": {
            "MSE": 0.0021746553508592333,
            "MAE": 0.02665673101660244,
            "RMSE": 0.0466332000924152,
            "R2": 0.9992820138591966
        },
        "val": {
            "MSE": 0.0025471228286490046,
            "MAE": 0.028959340140043106,
            "RMSE": 0.05046902840999621,
            "R2": 0.9991466693007016
        }
    }
}